order_id,order_date,region,category,units,unit_price,discount_pct,customer_rating,revenue
1381,2025-01-02,South,Furniture,6,345.27,5,5.0,1968.04
1104,2025-01-03,East,Grocery,3,14.83,15,4.0,37.82
1303,2025-01-04,West,Electronics,5,530.33,0,5.0,2651.65
1233,2025-01-08,East,Electronics,18,452.41,10,4.0,7329.04
1300,2025-01-08,East,Grocery,3,12.01,5,2.0,34.23
1170,2025-01-09,West,Clothing,18,49.48,15,5.0,757.04
1272,2025-01-09,South,Clothing,17,63.97,10,4.0,978.74
1369,2025-01-09,South,Grocery,10,17.87,20,4.0,142.96
1138,2025-01-12,East,Furniture,10,231.72,15,3.0,1969.62
1385,2025-01-12,West,Clothing,18,48.31,15,4.0,739.14
1147,2025-01-13,West,Grocery,16,16.89,10,5.0,243.22
1117,2025-01-14,South,Clothing,14,44.59,15,4.0,530.62
1328,2025-01-14,West,Electronics,1,500.26,20,5.0,400.21
1056,2025-01-16, north ,Electronics,10,441.85,0,4.0,4418.5
1250,2025-01-16,East,Electronics,7,381.6,15,5.0,2270.52
1352,2025-01-17,North,Grocery,2,18.41,5,1.0,34.98
1397,2025-01-17,East,Clothing,17,49.95,5,3.0,806.69
1150,2025-01-22,North,Clothing,3,54.22,10,4.0,146.39
1036,2025-01-24,West,Furniture,11,312.05,10,4.0,3089.3
1279,2025-01-24,East,Electronics,12,485.69,5,4.0,5536.87
1045,2025-01-25,East,Grocery,12,11.35,10,3.0,122.58
1387,2025-01-25,North,Grocery,6,14.09,15,3.0,71.86
1069,2025-01-28,North,Grocery,1,11.4,20,2.0,9.12
1127,2025-01-29,West,Clothing,9,47.77,15,4.0,365.44
1217,2025-01-29,North,Clothing,19,66.41,10,5.0,1135.61
1246,2025-01-31,East,Electronics,1,403.17,20,4.0,322.54
1280,2025-01-31,South,Furniture,8,270.14,10,4.0,1945.01
1007,2025-02-01,North,Clothing,8,66.95,5,,513.91
1196,2025-02-01,South,Clothing,4,57.77,15,3.0,198.38
1001,2025-02-02,East,Grocery,1,17.15,15,5.0,15.16
1172,2025-02-02,North,Furniture,18,215.41,0,5.0,3916.15
1033,2025-02-03,West,Grocery,4,14.07,5,4.0,54.0
1133,2025-02-03,East,Furniture,18,282.87,0,5.0,N/A
1359,2025-02-03,East,Grocery,7,14.43,15,5.0,89.29
1010,2025-02-04,East,Grocery,1,19.43,0,4.0,20.21
1243,2025-02-04,East,Grocery,4,16.4,5,3.0,64.81
1376,2025-02-04,East,Furniture,6,,10,3.0,1937.8
1087,2025-02-05,North,Grocery,5,14.05,20,4.0,56.76
1218,2025-02-05,East,Furniture,1,362.28,5,4.0,357.93
1258,2025-02-07,South,Furniture,6,,0,3.0,1493.49
1171,2025-02-08,East,Grocery,16,12.78,15,4.0,180.76
1310,2025-02-09,North,Clothing,17,48.93,5,5.0,798.12
1322,2025-02-09,South,Clothing,13,46.03,20,3.0,483.5
1120,2025-02-11,West,Furniture,19,309.52,5,5.0,5642.7
1365,2025-02-12,East,Clothing,4,47.29,0,5.0,196.73
1198,2025-02-13,North,Clothing,14,42.08,5,3.0,565.26
1313,2025-02-13,North,Clothing,18,64.31,0,5.0,1169.16
1198,2025-02-13,North,Clothing,14,42.08,5,3.0,565.26
1386,2025-02-14,East,Furniture,3,358.16,20,5.0,893.97
1018,2025-02-16,North,Clothing,5,61.3,20,4.0,247.65
1157,2025-02-16,East,Furniture,16,349.92,0,3.0,5822.67
1221,2025-02-16,East,Grocery,17,18.53,5,5.0,311.23
1074,2025-02-17,East,Clothing,4,55.58,5,2.0,219.65
1100,2025-02-21,East,Electronics,18,,5,5.0,8108.44
1118,2025-02-21,East,Clothing,10,46.96,20,4.0,390.71
1241,2025-02-21,West,Grocery,5,11.33,5,1.0,54.36
1306,2025-02-21,East,Electronics,6,524.07,5,4.0,3106.69
1329,2025-02-21,East,Electronics,12,,10,1.0,5517.5
1329,2025-02-21,East,Electronics,12,,10,1.0,5517.5
1256,2025-02-22,North,Electronics,11,497.18,10,,4971.3
1182,2025-02-25,West,Furniture,9,357.3,0,5.0,3247.86
1273,2025-02-25,North,Furniture,17,289.91,5,,4728.87
1357,2025-02-25,North,Grocery,17,10.98,15,4.0,160.25
1390,2025-02-25,North,Electronics,16,491.46,20,3.0,6353.59
1058,2025-02-26,North,Clothing,18,73.62,15,5.0,1137.65
1083,2025-02-28,North,Furniture,4,378.37,10,5.0,1375.75
1178,2025-02-28,South,Grocery,9,14.1,20,4.0,102.54
1287,2025-02-28,South,Electronics,5,521.46,0,2.0,2633.37
1041,2025-03-02,West,Clothing,7,42.45,10,5.0,272.78
1168,2025-03-02,East,Furniture,13,239.44,5,2.0,3193.65
1187,2025-03-02,East,Clothing,8,54.29,15,4.0,398.71
1350,2025-03-02,South,Electronics,19,556.12,0,5.0,10777.61
1262,2025-03-04,North,Furniture,15,319.81,5,,4648.44
1259,2025-03-05,East,Furniture,13,307.57,5,3.0,4102.37
1230,2025-03-06,West,Grocery,1,14.13,20,4.0,11.53
1251,2025-03-07,North,Furniture,17,330.21,20,3.0,4580.67
1349,2025-03-07,East,Furniture,8,298.43,20,1.0,2062.75
1392,2025-03-07,South,Furniture,3,280.73,15,4.0,730.18
1023,2025-03-08,East,Grocery,2,13.15,0,5.0,28.4
1253,2025-03-10,East,Electronics,19,389.29,15,4.0,6790.0
1072,2025-03-11,North,Electronics,2,321.25,20,4.0,524.28
1052,2025-03-13,West,Furniture,17,245.92,5,3.0,4051.04
1398,2025-03-13,East,Clothing,11,65.62,20,4.0,623.65
1102,2025-03-14,North,Furniture,2,256.7,20,,418.93
1009,2025-03-15,North,Furniture,9,301.31,15,4.0,2351.12
1224,2025-03-15,North,Clothing,18,61.13,0,4.0,1122.35
1339,2025-03-15,North,Clothing,10,43.85,10,3.0,402.54
1142,2025-03-20,West,Electronics,19,543.55,20,3.0,8427.2
1363,2025-03-23,West,Electronics,7,537.24,0,4.0,3835.89
1032,2025-03-24,South,Clothing,10,61.93,15,5.0,536.93
1078,2025-03-24,East,Grocery,4,13.37,20,4.0,46.21
1326,2025-03-26,South,Electronics,12,464.09,20,1.0,4544.37
1148,2025-03-27,North,Clothing,12,72.65,10,4.0,800.31
1327,2025-03-28,West,Furniture,3,300.14,20,4.0,734.74
1097,2025-03-29,West,Furniture,16,260.06,15,3.0,3607.55
1189,2025-03-29,North,Grocery,19,13.58,20,5.0,210.54
1384,2025-03-29,South,Furniture,16,241.73,0,3.0,3945.03
1119,2025-03-31,North,Furniture,3,264.8,20,4.0,648.23
1315,2025-03-31,South,Electronics,10,,5,3.0,5618.46
1346,2025-04-04,South,Clothing,8,53.58,10,5.0,397.35
1211,2025-04-06,East,Electronics,19,493.19,5,3.0,9970.33
1380,2025-04-06,South,Clothing,1,49.5,0,3.0,50.98
1209,2025-04-07,North,Electronics,10,511.07,15,4.0,4474.42
1206,2025-04-08,West,Electronics,15,421.09,5,5.0,6180.55
1292,2025-04-08,East,Furniture,12,326.07,5,5.0,4163.26
1292,2025-04-08,East,Furniture,12,326.07,5,5.0,4163.26
1216,2025-04-10,North,Grocery,13,12.1,10,4.0,145.82
1143,2025-04-11,West,Electronics,19,363.46,15,1.0,6045.98
1281,2025-04-11,South,Electronics,3,380.94,10,4.0,1059.39
1039,2025-04-12,North,Furniture,17,285.47,5,3.0,4748.65
1111,2025-04-12,South,Clothing,4,69.53,0,5.0,286.46
1152,2025-04-13,North,Furniture,7,254.71,10,3.0,1652.81
1314,2025-04-13,North,Furniture,10,377.92,20,4.0,3114.06
1399,2025-04-13,West,Grocery,14,13.1,20,5.0,151.12
1399,2025-04-13,West,Grocery,14,13.1,20,5.0,151.12
1299,2025-04-14,South,Furniture,3,364.9,0,2.0,1127.54
1096,2025-04-16,West,Clothing,4,73.72,10,4.0,273.35
1342,2025-04-17,East,Electronics,2,527.62,10,4.0,1063.68
1154,2025-04-18,East,Grocery,4,11.95,10,5.0,48.18
1271,2025-04-18,South,Grocery,16,18.38,10,3.0,272.61
1263,2025-04-20,West,Electronics,3,383.88,5,,1126.88
1353,2025-04-20,North,Clothing,12,45.46,0,5.0,561.89
1136,2025-04-21,East,Grocery,19,12.36,5,5.0,249.87
1190,2025-04-21,West,Grocery,7,17.65,10,2.0,114.53
1307,2025-04-21,South,Grocery,14,11.54,20,4.0,133.13
1226,2025-04-22,West,Grocery,12,13.22,15,2.0,138.89
1239,2025-04-23,East,Furniture,3,289.21,5,5.0,923.16
1333,2025-04-24,South,Grocery,18,11.36,15,5.0,179.02
1400,2025-04-24,East,Clothing,8,68.45,5,4.0,582.65
1088,2025-04-25,South,Electronics,2,350.4,0,4.0,721.82
1309,2025-04-26,South,Grocery,14,19.49,20,5.0,224.84
1338,2025-04-26,North,Electronics,4,429.69,10,4.0,1593.29
1368,2025-04-26,North,Clothing,19,61.4,5,5.0,1141.52
1167,2025-04-28,East,Furniture,16,381.58,5,,6496.02
1321,2025-04-28,West,Grocery,12,16.47,15,4.0,173.03
1066,2025-04-29,North,Electronics,4,559.07,0,5.0,2303.37
1077,2025-05-01,South,Clothing,10,56.21,15,5.0,496.9
1254,2025-05-01,North,Electronics,8,352.44,5,5.0,2785.69
1294,2025-05-02,South,Furniture,9,256.41,5,1.0,2280.0
1169,2025-05-03,South,Grocery,8,15.49,15,3.0,109.55
1371,2025-05-03,South,Electronics,13,421.51,15,3.0,4843.99
1199,2025-05-04,South,Electronics,19,583.21,10,4.0,10371.81
1197,2025-05-06,West,Clothing,10,65.0,5,4.0,N/A
1139,2025-05-07,North,Grocery,11,18.57,20,4.0,169.95
1268,2025-05-07,West,Furniture,19,333.38,15,3.0,5599.45
1044,2025-05-10,East,Furniture,5,283.43,10,3.0,1479.5
1053,2025-05-13,South,Electronics,2,546.93,0,3.0,1137.61
1194,2025-05-13,East,Clothing,2,49.63,20,5.0,92.11
1301,2025-05-13,East,Clothing,17,42.27,5,4.0,791.89
1063,2025-05-14,South,Furniture,10,350.93,20,5.0,2919.74
1201,2025-05-14,South,Grocery,17,11.06,15,4.0,166.21
1393,2025-05-15,South,Furniture,14,367.52,15,4.0,4548.43
1022,2025-05-16,South,Clothing,15,63.4,20,4.0,791.23
1068,2025-05-16,North,Furniture,13,353.66,0,3.0,4781.48
1332,2025-05-16,East,Electronics,10,454.44,10,4.0,4744.35
1374,2025-05-17,East,Grocery,14,17.27,5,4.0,266.44
1379,2025-05-19,West,Electronics,8,374.18,5,5.0,2957.52
1188,2025-05-20,West,Furniture,7,219.02,15,5.0,1355.3
1094,2025-05-22,North,Electronics,12,341.71,20,5.0,3411.63
1027,2025-05-27,North,Electronics,3,475.84,5,4.0,1410.39
1164,2025-05-29,North,Electronics,8,348.93,0,2.0,2903.1
1065,2025-05-30,West,Electronics,9,343.25,0,5.0,3212.82
1144,2025-05-30,East,Clothing,8,56.89,0,,527.94
1163,2025-05-30,North,Furniture,13,233.72,20,3.0,2527.92
1373,2025-05-30,South,Clothing,4,51.27,10,5.0,191.95
1248,2025-06-01,East,Grocery,15,17.5,15,4.0,267.75
1165,2025-06-02,East,Clothing,9,76.28,15,2.0,700.25
1275,2025-06-02,North,Grocery,18,18.19,10,5.0,309.41
1238,2025-06-07,East,Clothing,15,56.69,0,4.0,1020.42
1005,2025-06-08,North,Clothing,8,46.54,0,3.0,390.94
1091,2025-06-08,West,Electronics,7,406.66,0,5.0,2988.95
1155,2025-06-08,South,Electronics,19,568.81,5,4.0,10780.37
1354,2025-06-08,West,Clothing,13,47.53,15,,551.47
1082,2025-06-09,North,Clothing,17,63.66,5,5.0,1079.51
1140,2025-06-09,West,Furniture,10,228.07,0,5.0,2394.74
1004,2025-06-10,North,Grocery,11,15.84,0,5.0,182.95
1121,2025-06-10,West,Electronics,9,341.18,5,1.0,3062.94
1298,2025-06-10,East,Grocery,8,17.84,5,3.0,162.7
1030,2025-06-11,North,Furniture,6,255.66,0,4.0,1610.66
1285,2025-06-11,North,Furniture,10,386.08,5,4.0,3851.15
1047,2025-06-12,East,Grocery,15,,20,3.0,202.46
1186,2025-06-12,West,Electronics,11,563.58,15,5.0,5532.95
1219,2025-06-13,North,Grocery,13,10.86,10,4.0,133.42
1267,2025-06-13,East,Clothing,5,56.39,20,5.0,270.67
1020,2025-06-14,South,Furniture,8,259.17,15,1.0,1850.47
1031,2025-06-14,North,Grocery,3,16.0,20,4.0,40.32
1214,2025-06-14,West,Grocery,12,19.05,15,3.0,204.03
1205,2025-06-16,West,Electronics,15,485.72,15,4.0,6502.58
1222,2025-06-16,North,Grocery,8,17.25,0,4.0,144.9
1114,2025-06-17, north ,Grocery,15,19.36,5,5.0,289.67
1335,2025-06-17,North,Grocery,9,19.29,15,5.0,154.95
1073,2025-06-18,North,Grocery,8,19.31,20,5.0,129.76
1176,2025-06-18,North,Grocery,7,15.97,10,4.0,105.64
1231,2025-06-19,West,Furniture,18,311.13,15,4.0,4998.3
1054,2025-06-20,North,Grocery,9,18.71,0,3.0,176.81
1277,2025-06-20,South,Furniture,19,308.02,0,3.0,6145.0
1070,2025-06-21,North,Electronics,5,370.19,5,5.0,1846.32
1124,2025-06-21,East,Grocery,8,,10,4.0,132.88
1367,2025-06-21,East,Grocery,8,17.91,15,5.0,146.15
1109,2025-06-22,North,Furniture,8,255.44,0,5.0,2145.7
1290,2025-06-22,East,Clothing,19,58.43,10,4.0,1198.98
1076,2025-06-23,South,Clothing,9,,10,5.0,628.94
1276,2025-06-26,South,Furniture,12,268.0,15,5.0,2870.28
1282,2025-06-27,North,Electronics,2,561.42,20,4.0,943.19
1235,2025-06-29,North,Furniture,2,285.47,0,3.0,599.49
1284,2025-06-29,South,Electronics,16,542.7,5,5.0,8661.49
1185,2025-06-30,South,Furniture,7,237.52,15,3.0,1483.91
1203,2025-06-30,East,Furniture,15,233.23,20,3.0,3358.51
1252,2025-06-30,West,Electronics,17,349.93,0,5.0,6246.25
1055,2025-07-01,North,Clothing,16,49.64,15,5.0,715.61
1183,2025-07-01,East,Furniture,6,343.49,20,3.0,2044.45
1021,2025-07-02,South,Clothing,5,43.82,10,3.0,209.02
1180,2025-07-02,East,Clothing,11,48.74,10,4.0,598.33
1115,2025-07-04,South,Grocery,2,19.34,10,3.0,36.9
1159,2025-07-04,South,Electronics,1,447.46,10,5.0,426.88
1017,2025-07-07,North,Clothing,12,73.69,15,1.0,796.74
1344,2025-07-07,West,Clothing,18,71.56,10,3.0,1228.83
1366,2025-07-09,East,Furniture,11,364.94,10,2.0,4480.0
1296,2025-07-10,East,Furniture,8,283.8,15,3.0,2393.0
1011,2025-07-12,East,Clothing,11,42.14,10,3.0,517.31
1351,2025-07-14,South,Furniture,5,235.9,15,,1062.73
1289,2025-07-17,East,Electronics,13,444.76,5,5.0,6811.05
1295,2025-07-18,East,Furniture,18,315.47,20,3.0,5633.03
1305,2025-07-18,East,Clothing,2,46.98,15,4.0,99.03
1029,2025-07-19,East,Electronics,15,550.95,15,3.0,8710.52
1057,2025-07-19,West,Electronics,16,513.04,10,3.0,7831.04
1229,2025-07-19,North,Furniture,12,342.93,5,5.0,4143.97
1331,2025-07-19,East,Electronics,19,584.84,5,4.0,13089.89
1034,2025-07-22,East,Clothing,6,66.39,10,5.0,444.55
1113,2025-07-22,North,Grocery,19,18.61,10,,337.32
1132,2025-07-22,North,Clothing,16,55.37,15,2.0,798.21
1308,2025-07-22,West,Furniture,6,280.21,5,2.0,1693.03
1330,2025-07-22,South,Grocery,9,19.43,15,4.0,157.56
1158,2025-07-23,East,Electronics,17,454.77,10,,8627.9
1134,2025-07-24,West,Grocery,4,17.34,10,3.0,66.17
1079,2025-07-26,West,Electronics,2,479.36,20,5.0,812.99
1126,2025-07-26,East,Electronics,7,383.38,0,2.0,3327.74
1131,2025-07-26,East,Furniture,18,263.29,0,5.0,5876.63
1126,2025-07-26,East,Electronics,7,383.38,0,2.0,3327.74
1116,2025-07-27,South,Furniture,16,381.54,10,5.0,5823.83
1288,2025-07-28,North,Electronics,11,520.9,0,3.0,6073.69
1129,2025-07-29,East,Clothing,2,63.03,0,1.0,156.31
1228,2025-07-31,West,Grocery,1,13.8,15,4.0,12.43
1266,2025-08-01,East,Electronics,11,578.55,10,5.0,7331.39
1242,2025-08-02,North,Clothing,10,66.03,5,4.0,671.19
1260,2025-08-03,East,Clothing,4,67.25,5,3.0,327.1
1270,2025-08-04,East,Electronics,19,423.02,0,5.0,10287.85
1394,2025-08-07,East,Electronics,11,578.41,0,2.0,8144.01
1137,2025-08-09,North,Clothing,7,75.9,15,5.0,483.22
1193,2025-08-10,East,Grocery,11,17.64,0,3.0,248.37
1269,2025-08-12,North,Grocery,2,10.71,0,4.0,22.92
1323,2025-08-13,North,Electronics,3,539.78,10,4.0,1559.42
1343,2025-08-15,West,Electronics,10,539.67,10,4.0,5197.02
1343,2025-08-15,West,Electronics,10,539.67,10,4.0,5197.02
1240,2025-08-17,East,Grocery,17,11.63,0,5.0,253.07
1085,2025-08-18,East,Furniture,7,245.41,5,2.0,2088.93
1245,2025-08-18,North,Electronics,9,320.34,0,3.0,3084.87
1040,2025-08-19,North,Electronics,2,453.94,20,5.0,777.15
1192,2025-08-19,North,Clothing,8,69.03,15,3.0,502.26
1130,2025-08-20,North,Furniture,11,342.32,15,4.0,3424.74
1341,2025-08-20,West,Furniture,4,273.6,10,3.0,1053.91
1099,2025-08-21,East,Clothing,1,48.69,15,,52.97
1026,2025-08-24,West,Grocery,11,10.66,20,5.0,100.37
1244,2025-08-26,North,Furniture,9,329.32,10,5.0,2854.22
1003,2025-08-27,East,Grocery,15,18.51,20,4.0,284.31
1123,2025-08-27,South,Clothing,4,64.2,0,5.0,274.78
1316,2025-08-29,North,Grocery,9,11.13,10,3.0,96.46
1156,2025-08-30,East,Furniture,2,369.84,20,4.0,757.43
1255,2025-08-30,North,Clothing,17,52.21,15,5.0,807.24
1372,2025-08-30,West,Furniture,1,342.8,20,,293.44
1108,2025-08-31,East,Electronics,12,344.89,20,4.0,4238.01
1162,2025-08-31,North,Electronics,7,432.33,10,3.0,2914.34
1237,2025-08-31,North,Furniture,7,271.63,20,1.0,1627.61
1122,2025-09-01,South,Furniture,1,362.24,15,3.0,332.54
1311,2025-09-01,North,Furniture,2,237.71,10,1.0,462.11
1080,2025-09-02,West,Grocery,3,15.73,20,4.0,40.77
1283,2025-09-02,East,Furniture,8,376.3,5,4.0,3775.04
1312,2025-09-03,West,Electronics,1,429.16,15,3.0,393.97
1049,2025-09-05,South,Furniture,15,236.89,5,5.0,3645.74
1257,2025-09-05,West,Grocery,2,18.69,20,3.0,32.3
1060,2025-09-07,East,Grocery,2,15.15,10,1.0,36.0
1098,2025-09-07,West,Clothing,17,49.28,15,5.0,769.06
1191,2025-09-07,East,Furniture,2,322.09,10,5.0,765.29
1075,2025-09-08,East,Grocery,2,16.97,5,5.0,42.56
1008,2025-09-12,East,Clothing,14,48.23,5,3.0,846.73
1175,2025-09-12,North,Grocery,15,,0,4.0,216.92
1184,2025-09-12,South,Grocery,13,14.72,20,3.0,165.34
1043,2025-09-13,North,Grocery,1,15.18,15,4.0,13.94
1086,2025-09-13,South,Electronics,7,416.85,0,3.0,3151.39
1204,2025-09-13,North,Furniture,11,237.42,20,5.0,2256.44
1223,2025-09-14,North,Clothing,2,77.71,5,4.0,159.46
1110,2025-09-15,North,Grocery,3,13.15,5,3.0,40.48
1015,2025-09-19,East,Electronics,8,349.27,0,5.0,3688.29
1177,2025-09-19, north ,Grocery,6,14.69,10,5.0,85.67
1212,2025-09-19,East,Clothing,18,63.59,10,4.0,1359.81
1236,2025-09-20,North,Electronics,1,489.71,20,2.0,423.11
1395,2025-09-20,North,Clothing,2,73.42,15,4.0,134.8
1174,2025-09-21,South,Furniture,8,375.03,20,5.0,2592.21
1225,2025-09-21,East,Furniture,18,328.8,5,5.0,7421.67
1318,2025-09-23,East,Electronics,14,528.5,15,5.0,8301.68
1317,2025-09-24,South,Furniture,9,234.84,15,4.0,1940.25
1013,2025-09-26,North,Furniture,18,388.76,0,5.0,7557.49
1215,2025-09-26,North,Clothing,2,54.34,10,5.0,105.64
1377,2025-09-26,West,Clothing,10,58.73,15,4.0,539.14
1059,2025-09-29,North,Clothing,10,55.65,15,4.0,510.87
1062,2025-09-29,West,Grocery,5,17.08,20,4.0,73.79
1378,2025-09-30,East,Grocery,18,13.81,5,5.0,311.72
1391,2025-09-30,West,Clothing,18,58.15,0,2.0,1130.44
1360,2025-10-01,South,Grocery,9,17.47,20,4.0,137.1
1042,2025-10-04,East,Grocery,1,17.66,15,2.0,20.41
1234,2025-10-04,West,Clothing,11,74.66,0,3.0,895.17
1247,2025-10-04,West,Grocery,11,12.28,15,3.0,125.15
1014,2025-10-05,West,Grocery,12,,20,4.0,164.91
1051,2025-10-05,East,Electronics,16,363.18,0,3.0,7902.8
1207,2025-10-06,North,Furniture,11,375.93,10,2.0,4056.66
1128,2025-10-07,East,Electronics,19,545.02,5,5.0,13379.15
1089,2025-10-08,East,Electronics,10,358.98,0,4.0,4882.13
1320,2025-10-08,West,Furniture,4,369.27,20,,1288.01
1173,2025-10-09,South,Furniture,14,231.41,10,4.0,3178.18
1370,2025-10-09,East,Grocery,19,11.33,15,4.0,248.85
1173,2025-10-09,South,Furniture,14,231.41,10,4.0,3178.18
1002,2025-10-10,West,Furniture,11,267.09,10,3.0,2882.17
1050,2025-10-12,South,Grocery,4,19.15,5,5.0,79.32
1107,2025-10-12,South,Furniture,9,299.19,15,2.0,2494.8
1112,2025-10-12,South,Furniture,17,367.81,0,4.0,6815.52
1210,2025-10-12,West,Furniture,16,293.0,20,2.0,4087.94
1025,2025-10-13,North,Furniture,7,360.52,15,4.0,2338.15
1278,2025-10-13,East,Furniture,17,298.17,20,3.0,5514.95
1016,2025-10-14,East,Electronics,10,557.27,0,3.0,7578.87
1160,2025-10-14,East,Furniture,12,305.35,10,5.0,4484.98
1106,2025-10-15,South,Clothing,3,65.49,20,,171.32
1213,2025-10-15,North,Furniture,4,295.1,0,5.0,1286.64
1249,2025-10-15,North,Clothing,18,72.98,0,4.0,1431.87
1261,2025-10-17,East,Grocery,9,19.08,5,4.0,221.86
1071,2025-10-18,North,Furniture,17,343.85,5,3.0,6052.96
1105,2025-10-18,West,Clothing,1,76.54,15,4.0,70.91
1135,2025-10-18,North,Clothing,16,69.8,20,5.0,973.85
1092,2025-10-21,North,Grocery,6,19.09,10,5.0,112.36
1103,2025-10-21,East,Clothing,15,43.63,20,4.0,712.04
1291,2025-10-22,East,Furniture,14,253.24,5,3.0,4580.61
1227,2025-10-23,North,Clothing,19,76.11,0,4.0,1576.24
1336,2025-10-23,North,Electronics,3,400.95,0,2.0,1311.11
1166,2025-10-25,South,Electronics,9,445.15,10,2.0,3930.23
1149,2025-10-27,East,Clothing,9,73.48,10,4.0,809.46
1028,2025-10-28,East,Grocery,8,12.58,20,3.0,109.5
1302,2025-10-29,West,Furniture,16,270.5,0,1.0,4717.52
1038,2025-10-30,East,Electronics,13,580.52,20,5.0,8210.87
1334,2025-10-30,East,Electronics,5,511.52,0,5.0,3478.34
1084,2025-10-31, north ,Grocery,7,14.71,0,3.0,112.24
1090,2025-10-31,North,Clothing,7,66.64,0,4.0,508.46
1101,2025-10-31,East,Grocery,14,14.72,10,5.0,252.24
1388,2025-10-31,South,Electronics,2,582.4,10,5.0,1142.67
1019,2025-11-03,West,Grocery,6,16.1,0,,106.26
1093,2025-11-04,West,Furniture,18,253.85,5,3.0,4774.92
1361,2025-11-05,North,Furniture,3,216.27,0,4.0,713.69
1297,2025-11-07,South,Clothing,3,49.88,0,4.0,164.6
1146,2025-11-08,East,Grocery,8,12.71,0,4.0,142.35
1125,2025-11-09,West,Grocery,2,11.99,10,4.0,23.74
1151,2025-11-09,East,Electronics,13,458.33,0,4.0,8341.61
1232,2025-11-09,East,Electronics,13,509.34,5,,8806.49
1006,2025-11-10,North,Grocery,16,11.79,20,3.0,166.0
1037,2025-11-10,South,Electronics,13,519.77,20,4.0,5946.17
1396,2025-11-16,North,Electronics,18,366.92,0,5.0,7265.02
1375,2025-11-20,West,Electronics,11,451.13,20,3.0,4366.94
1035,2025-11-21,West,Clothing,9,68.13,5,,640.76
1048,2025-11-22,South,Furniture,13,332.86,5,5.0,4521.9
1358,2025-11-22,South,Grocery,13,10.5,20,2.0,120.12
1362,2025-11-22,North,Furniture,9,327.41,20,4.0,2593.09
1389,2025-11-22,North,Grocery,1,11.73,0,,12.9
1364,2025-11-23,East,Grocery,1,12.01,5,3.0,15.97
1095,2025-11-24,West,Grocery,8,17.28,5,4.0,144.46
1304,2025-11-24,East,Furniture,16,361.05,10,3.0,7278.77
1179,2025-11-25,South,Clothing,19,61.15,5,4.0,1214.13
1220,2025-11-26,West,Furniture,18,290.93,15,4.0,4896.35
1067,2025-11-27,North,Electronics,6,548.7,5,5.0,3440.35
1345,2025-11-27,North,Electronics,4,427.5,15,5.0,1598.85
1202,2025-11-28,West,Electronics,5,438.73,15,4.0,2051.06
1153,2025-12-01,East,Furniture,5,254.06,20,5.0,1463.39
1324,2025-12-01,East,Electronics,8,362.62,15,4.0,3550.78
1061,2025-12-03,North,Furniture,7,343.51,0,3.0,2669.07
1264,2025-12-04,South,Electronics,10,483.88,0,4.0,5371.07
1024,2025-12-05,West,Clothing,16,65.89,20,2.0,936.17
1348,2025-12-08,North,Grocery,16,17.71,20,5.0,251.62
1382,2025-12-08,East,Electronics,18,347.11,0,4.0,8997.09
1181,2025-12-09, north ,Grocery,8,19.4,15,3.0,189.96
1286,2025-12-09,South,Grocery,10,17.2,5,4.0,181.37
1319,2025-12-09,North,Furniture,12,258.71,0,4.0,3446.02
1081,2025-12-10,North,Clothing,13,56.73,0,5.0,818.61
1383,2025-12-12,North,Clothing,15,45.1,15,5.0,638.28
1340,2025-12-14,West,Clothing,7,66.2,10,1.0,462.94
1340,2025-12-14,West,Clothing,7,66.2,10,1.0,462.94
1293,2025-12-15,East,Electronics,18,393.12,15,4.0,8661.22
1274,2025-12-16,North,Electronics,4,567.7,15,,2142.5
1195,2025-12-17,North,Electronics,6,564.42,15,5.0,3195.18
1200,2025-12-18,South,Furniture,8,260.56,15,4.0,1966.71
1337,2025-12-18,East,Electronics,11,439.53,10,4.0,6265.94
1064,2025-12-20,North,Grocery,12,15.63,15,3.0,176.96
1208,2025-12-20,West,Grocery,5,13.37,10,4.0,66.78
1355,2025-12-20,North,Furniture,19,,0,5.0,6455.44
1046,2025-12-21,West,Grocery,17,18.51,10,4.0,314.36
1325,2025-12-22,North,Clothing,16,57.25,10,3.0,915.08
1012,2025-12-23,East,Grocery,1,10.65,5,5.0,14.57
1141,2025-12-25,North,Clothing,6,,15,3.0,291.65
1265,2025-12-28,East,Grocery,5,13.38,15,4.0,81.89
1347,2025-12-28,South,Clothing,5,68.96,15,3.0,325.32
1145,2025-12-29,East,Electronics,16,436.46,20,5.0,8044.83
1356,2025-12-29,North,Electronics,17,333.23,20,,N/A
1161,2025-12-30,West,Electronics,11,459.87,20,4.0,4492.01
